{
  "hash": "af6801f4",
  "configHash": "4a0a668d",
  "lockfileHash": "d8a30ff2",
  "browserHash": "47c65e2e",
  "optimized": {
    "@angular/common": {
      "src": "../../../../../../node_modules/@angular/common/fesm2022/common.mjs",
      "file": "@angular_common.js",
      "fileHash": "6bcdfcf7",
      "needsInterop": false
    },
    "@angular/core": {
      "src": "../../../../../../node_modules/@angular/core/fesm2022/core.mjs",
      "file": "@angular_core.js",
      "fileHash": "1ab19070",
      "needsInterop": false
    },
    "@angular/forms": {
      "src": "../../../../../../node_modules/@angular/forms/fesm2022/forms.mjs",
      "file": "@angular_forms.js",
      "fileHash": "0c34209f",
      "needsInterop": false
    },
    "@angular/platform-browser": {
      "src": "../../../../../../node_modules/@angular/platform-browser/fesm2022/platform-browser.mjs",
      "file": "@angular_platform-browser.js",
      "fileHash": "bfd61629",
      "needsInterop": false
    },
    "@angular/router": {
      "src": "../../../../../../node_modules/@angular/router/fesm2022/router.mjs",
      "file": "@angular_router.js",
      "fileHash": "ef7fcd2f",
      "needsInterop": false
    },
    "rxjs": {
      "src": "../../../../../../node_modules/rxjs/dist/esm5/index.js",
      "file": "rxjs.js",
      "fileHash": "dbf1a188",
      "needsInterop": false
    }
  },
  "chunks": {
    "chunk-V23RUKMR": {
      "file": "chunk-V23RUKMR.js"
    },
    "chunk-BAOIP7IO": {
      "file": "chunk-BAOIP7IO.js"
    },
    "chunk-KZE4DZCA": {
      "file": "chunk-KZE4DZCA.js"
    },
    "chunk-PF6LNL77": {
      "file": "chunk-PF6LNL77.js"
    }
  }
}